{
    "Addon": {
        "EnchantSetting": {
            "amplifier": 1
        },
        "PackResourceSortData": {
            "1_uno:hammer": {
                "createTime": 1688812346.453372,
                "modifyTime": 1688812702.8675218
            },
            "1_uno:turnstip": {
                "createTime": 1688649336.6358871,
                "modifyTime": 1688797844.3971295
            },
            "1_uno:uno_title": {
                "createTime": 1688812570.563348,
                "modifyTime": 1688813910.0627666
            },
            "2_uno:0b": {
                "createTime": 1688648808.3220308,
                "modifyTime": 1688648808.3220308
            },
            "2_uno:0g": {
                "createTime": 1688648808.3430388,
                "modifyTime": 1688648808.3430388
            },
            "2_uno:0r": {
                "createTime": 1688648808.3240304,
                "modifyTime": 1688648808.3240304
            },
            "2_uno:0y": {
                "createTime": 1688648808.3440359,
                "modifyTime": 1688648808.3440359
            },
            "2_uno:1b": {
                "createTime": 1688648808.323033,
                "modifyTime": 1688648808.323033
            },
            "2_uno:1g": {
                "createTime": 1688648808.3260329,
                "modifyTime": 1688648808.3260329
            },
            "2_uno:1r": {
                "createTime": 1688648808.3490374,
                "modifyTime": 1688648808.3490374
            },
            "2_uno:1y": {
                "createTime": 1688648808.3490374,
                "modifyTime": 1688648808.3490374
            },
            "2_uno:2b": {
                "createTime": 1688648808.3390355,
                "modifyTime": 1688648808.3390355
            },
            "2_uno:2g": {
                "createTime": 1688648808.3220308,
                "modifyTime": 1688648808.3220308
            },
            "2_uno:2r": {
                "createTime": 1688648808.3440359,
                "modifyTime": 1688648808.3440359
            },
            "2_uno:2y": {
                "createTime": 1688648808.348039,
                "modifyTime": 1688648808.348039
            },
            "2_uno:3b": {
                "createTime": 1688648808.348039,
                "modifyTime": 1688648808.348039
            },
            "2_uno:3g": {
                "createTime": 1688648808.3420367,
                "modifyTime": 1688648808.3420367
            },
            "2_uno:3r": {
                "createTime": 1688648808.3380344,
                "modifyTime": 1688648808.3380344
            },
            "2_uno:3y": {
                "createTime": 1688648808.323033,
                "modifyTime": 1688648808.323033
            },
            "2_uno:4b": {
                "createTime": 1688648808.3240304,
                "modifyTime": 1688648808.3240304
            },
            "2_uno:4g": {
                "createTime": 1688648808.3390355,
                "modifyTime": 1688648808.3390355
            },
            "2_uno:4r": {
                "createTime": 1688648808.3220308,
                "modifyTime": 1688648808.3220308
            },
            "2_uno:4y": {
                "createTime": 1688648808.3470366,
                "modifyTime": 1688648808.3470366
            },
            "2_uno:5b": {
                "createTime": 1688648808.3470366,
                "modifyTime": 1688648808.3470366
            },
            "2_uno:5g": {
                "createTime": 1688648808.337035,
                "modifyTime": 1688648808.337035
            },
            "2_uno:5r": {
                "createTime": 1688648808.348039,
                "modifyTime": 1688648808.348039
            },
            "2_uno:5y": {
                "createTime": 1688648808.3220308,
                "modifyTime": 1688648808.3220308
            },
            "2_uno:6b": {
                "createTime": 1688648808.3360348,
                "modifyTime": 1688648808.3360348
            },
            "2_uno:6g": {
                "createTime": 1688648808.323033,
                "modifyTime": 1688648808.323033
            },
            "2_uno:6r": {
                "createTime": 1688648808.348039,
                "modifyTime": 1688648808.348039
            },
            "2_uno:6y": {
                "createTime": 1688648808.337035,
                "modifyTime": 1688648808.337035
            },
            "2_uno:7b": {
                "createTime": 1688648808.3460364,
                "modifyTime": 1688648808.3460364
            },
            "2_uno:7g": {
                "createTime": 1688648808.350037,
                "modifyTime": 1688648808.350037
            },
            "2_uno:7r": {
                "createTime": 1688648808.3360348,
                "modifyTime": 1688648808.3360348
            },
            "2_uno:7y": {
                "createTime": 1688648808.323033,
                "modifyTime": 1688648808.323033
            },
            "2_uno:8b": {
                "createTime": 1688648808.3260329,
                "modifyTime": 1688648808.3260329
            },
            "2_uno:8g": {
                "createTime": 1688648808.3250327,
                "modifyTime": 1688648808.3250327
            },
            "2_uno:8r": {
                "createTime": 1688648808.3390355,
                "modifyTime": 1688648808.3390355
            },
            "2_uno:8y": {
                "createTime": 1688648808.350037,
                "modifyTime": 1688648808.350037
            },
            "2_uno:9b": {
                "createTime": 1688648808.3450363,
                "modifyTime": 1688648808.3450363
            },
            "2_uno:9g": {
                "createTime": 1688648808.3490374,
                "modifyTime": 1688648808.3490374
            },
            "2_uno:9r": {
                "createTime": 1688648808.3240304,
                "modifyTime": 1688648808.3240304
            },
            "2_uno:9y": {
                "createTime": 1688648808.3460364,
                "modifyTime": 1688648808.3460364
            },
            "2_uno:coin": {
                "createTime": 1688648808.3490374,
                "modifyTime": 1688648808.3490374
            },
            "2_uno:draw2_b": {
                "createTime": 1688648808.3440359,
                "modifyTime": 1688648808.3440359
            },
            "2_uno:draw2_g": {
                "createTime": 1688648808.350037,
                "modifyTime": 1688648808.350037
            },
            "2_uno:draw2_r": {
                "createTime": 1688648808.3460364,
                "modifyTime": 1688648808.3460364
            },
            "2_uno:draw2_y": {
                "createTime": 1688648808.3450363,
                "modifyTime": 1688648808.3450363
            },
            "2_uno:draw4": {
                "createTime": 1688648808.3380344,
                "modifyTime": 1688648808.3380344
            },
            "2_uno:draw4_b": {
                "createTime": 1688648808.3430388,
                "modifyTime": 1688648808.3430388
            },
            "2_uno:draw4_g": {
                "createTime": 1688648808.3390355,
                "modifyTime": 1688648808.3390355
            },
            "2_uno:draw4_r": {
                "createTime": 1688648808.3380344,
                "modifyTime": 1688648808.3380344
            },
            "2_uno:draw4_y": {
                "createTime": 1688648808.3440359,
                "modifyTime": 1688648808.3440359
            },
            "2_uno:guide": {
                "createTime": 1688978200.9526353,
                "modifyTime": 1688981641.2619023
            },
            "2_uno:reverse_b": {
                "createTime": 1688648808.3210313,
                "modifyTime": 1688648808.3210313
            },
            "2_uno:reverse_g": {
                "createTime": 1688648808.3390355,